{
	"format_version": "1.8.0",
	"animations": {
		"animation.twf_jb_chatter.walk": {
			"loop": true,
			"animation_length": 0.48,
			"bones": {
				"bones": {
					"rotation": {
						"0.0": [0, 0, 0],
						"0.04": [0, 0, -0.94733],
						"0.12": [0, 0, -11.55267],
						"0.16": [0, 0, -12.5],
						"0.2": [0, 0, -10.41586],
						"0.28": [0, 0, 12.91586],
						"0.32": [0, 0, 15],
						"0.36": [0, 0, 13.8632],
						"0.44": [0, 0, 1.1368],
						"0.48": [0, 0, 0]
					},
					"position": {
						"0.0": [0, 0, 0],
						"0.16": [0, "v.py", 0],
						"0.48": [0, 0, 0]
					}
				},
				"bottom": {
					"rotation": {
						"0.0": [0, 0, 0],
						"0.32": [2.5, 0, 0],
						"0.4": [0, 0, 0]
					},
					"position": {
						"0.0": [0, 0, 0],
						"0.12": [0, 1, 0],
						"0.24": [0, -0.33, 0],
						"0.36": [0, 0.84, 0],
						"0.48": [0, 0, 0]
					},
					"scale": {
						"0.0": [1, 1, 1],
						"0.36": [1.1, 1.1, 1.1],
						"0.48": [1, 1, 1]
					}
				},
				"top": {
					"rotation": {
						"0.0": [0, 0, 0],
						"0.32": [-45, 0, 0],
						"0.4": [0, 0, 0]
					},
					"position": {
						"0.0": [0, 0, 0],
						"0.12": [0, -1, 0],
						"0.24": [0, 1.33, 0],
						"0.36": [0, -2.33, 0],
						"0.48": [0, 0, 0]
					},
					"scale": {
						"0.0": [1, 1, 1],
						"0.12": [1, 1, 1],
						"0.36": [1.1, 1, 1.1],
						"0.48": [1, 1, 1]
					}
				}
			},
			"sound_effects": {
				"0.0": { "effect": "click" }
			}			
		},
		"animation.twf_jb_chatter.base_pose": {
			"loop": "hold_on_last_frame"
		}
	}
}